INSERT INTO dictionary (id, code, description, lang, name, parent_id) VALUES
  (2, 'OWNER', '', NULL, 'Owner', NULL),
  (3, 'IMPLEMENTATION', '', NULL, 'Implementation', NULL),
  (4, 'TASK_STATE', '', NULL, 'Task state', NULL),
  (5, 'COUNTY', '', NULL, 'County', NULL),
  (6, 'REGION', '', NULL, 'Region', NULL),
  (7, 'DISTRICT', '', NULL, 'District', NULL),
  (8, 'CITY', '', NULL, 'City', NULL),
  (9, 'AREA_CITY', '', NULL, 'Area city', NULL),
  (10, 'DISTRICT_CITY', '', NULL, 'District city', NULL),
  (11, 'STREET', '', NULL, 'Street', NULL),
  (12, 'DICTIONARY_OPTION', '', NULL, 'Dictionary option', NULL);
INSERT INTO dictionary_value (id, code, dictionary_id, parent_id) VALUES
  (1, 'AGENTSTVO', 2, NULL),
  (2, 'PERSONAL', 2, NULL),
  (3, 'FLAT', 3, NULL),
  (4, 'HOME', 3, NULL),
  (5, 'COMMERCIAL', 3, NULL),
  (6, 'LAND', 3, NULL),
  (7, 'START', 4, NULL),
  (8, 'IN_PROCESS', 4, NULL),
  (9, 'CANCELED', 4, NULL),
  (10, 'FAILED', 4, NULL),
  (11, 'COMPLETE', 4, NULL);
INSERT INTO dictionary_value_locale (dictionary_value_id, description, name, locale) VALUES
  (1, '', 'agency', 'en'),
  (1, '', 'agency', 'ru'),
  (2, '', 'personal', 'en'),
  (2, '', 'personal', 'ru'),
  (3, '', 'flat', 'en'),
  (3, '', 'flat', 'ru'),
  (4, '', 'home', 'en'),
  (4, '', 'home', 'ru'),
  (5, '', 'commercial', 'en'),
  (5, '', 'commercial', 'ru'),
  (6, '', 'land', 'en'),
  (6, '', 'land', 'ru'),
  (7, '', 'Start', 'en'),
  (7, '', 'Start', 'ru'),
  (8, '', 'In process', 'en'),
  (8, '', 'In process', 'ru'),
  (9, '', 'Canceled', 'en'),
  (9, '', 'Canceled', 'ru'),
  (10, '', 'Failed', 'en'),
  (10, '', 'Failed', 'ru'),
  (11, '', 'Complete', 'en'),
  (11, '', 'Complete', 'ru');
INSERT INTO dictionary_sync (id, count_add, message, site_dict_id, sync_date, dictionary_id, state_id) VALUES
  (1, 0, NULL, '11', NULL, 6, NULL),
  (2, 0, NULL, '24', NULL, 7, NULL),
  (3, 0, NULL, '12', NULL, 8, NULL),
  (4, 0, NULL, '13', NULL, 9, NULL),
  (5, 0, NULL, '15', NULL, 10, NULL),
  (6, 0, NULL, '14', NULL, 11, NULL);